Guess,Anwer
63.00384437800306,80.4
32.61812470696885,20.0
5.50287783477443,6.54
122.56850447218,65.9
160.10299386567837,23.9
447.7509936766035,8.4
67.98085692650429,20.6
228.35299024966216,34.0
25.48078157409861,3.4
43.98636153567176,47.0
16.15689538650007,1.7
